accuracy,loss,val_accuracy,val_loss
0.9285666942596436,0.23964620470404624,0.9704999923706055,0.08563278118425485
